run,step,generated,trained,share,truncation,duration_s,gen_input,gen_output,trained_tokens,input_mean,output_mean,L4_generated,L4_trained,L4_solved,L4_failed,L4_output_mean,L4_truncation,L4_discard_input,L4_discard_output,L2_generated,L2_trained,L2_solved,L2_failed,L2_output_mean,L2_truncation,L2_discard_input,L2_discard_output,L1-L3_generated,L1-L3_trained,L1-L3_solved,L1-L3_failed,L1-L3_output_mean,L1-L3_truncation,L1-L3_discard_input,L1-L3_discard_output,distribution,trained_zero_rewards,trained_one_rewards,list_inference,list_training,allocated_cost,list_cost
run,1,192,128,0.6666666666666666,0.0,42.19851088698488,112176,48347,114964,584.25,251.80729166666666,88,24,2,6,113.02272727272727,0.0,39496,6063,88,88,0,0,363.21590909090907,0.0,0,0,16,16,0,0,402.375,0.0,0,0,ok,55,73,0.0514434,0.0689784,0.1129286846436011,0.1204218
run,2,280,128,0.45714285714285713,0.0,57.59598955709953,163488,63330,114919,583.8857142857142,226.17857142857142,160,24,7,10,92.40625,0.0,83680,12593,56,48,1,0,387.55357142857144,0.0,4536,2829,64,56,1,0,419.40625,0.0,4624,3637,ok,54,74,0.07069560000000001,0.0689514,0.12934965795048864,0.13964700000000002
run,3,160,128,0.8,0.00625,48.54840393096674,94448,51759,123626,590.3,323.49375,72,40,2,2,133.31944444444446,0.0,19608,2973,56,56,0,0,408.375,0.0,0,0,32,32,0,0,602.84375,0.03125,0,0,ok,65,63,0.049945,0.0741756,0.11684573779269367,0.1241206
run,4,256,128,0.5,0.00390625,55.03900187392719,149728,75500,124880,584.875,294.921875,152,48,6,7,152.18421052631578,0.006578947368421052,63760,9930,32,24,1,0,426.65625,0.0,4504,3489,72,56,2,0,537.7083333333334,0.0,9232,9433,ok,41,87,0.07524560000000001,0.074928,0.1392135164739996,0.15017360000000002
run,5,240,128,0.5333333333333333,0.0,42.34455223509576,140472,82562,128691,585.3,344.0083333333333,144,80,5,3,267.8611111111111,0.0,39248,9510,48,16,4,0,447.7083333333333,0.0,18064,13329,48,32,2,0,468.75,0.0,7880,6312,ok,52,76,0.07763160000000001,0.0772146,0.14353857775687812,0.1548462
run,6,232,128,0.5517241379310345,0.0,47.25978145899717,136960,88197,131006,590.3448275862069,380.1594827586207,128,88,5,0,245.21875,0.0,24664,3960,48,0,6,0,445.1458333333333,0.0,27120,21367,56,40,2,0,632.8928571428571,0.0,8520,8520,ok,41,87,0.0803102,0.0786036,0.14721601966480702,0.1589138
run,7,248,128,0.5161290322580645,0.004032258064516129,49.52082370896824,145152,100938,135397,585.2903225806451,407.008064516129,136,88,4,2,345.2720588235294,0.007352941176470588,29272,9596,56,16,5,0,436.57142857142856,0.0,22624,17527,56,24,4,0,527.375,0.0,16424,15250,ok,53,75,0.0895932,0.0812382,0.15778148139530207,0.1708314
run,8,216,128,0.5925925925925926,0.013888888888888888,30.755560435936786,128568,84763,138144,595.2222222222222,392.4212962962963,160,96,5,3,336.59375,0.01875,39400,8820,0,0,0,0,0,,0,0,56,32,3,0,551.9285714285714,0.0,12464,14503,ok,48,80,0.0765714,0.0828864,0.14830460380377342,0.15945779999999998
run,9,224,128,0.5714285714285714,0.0,52.22948707907926,129056,68312,116274,576.1428571428571,304.9642857142857,136,80,5,2,212.36029411764707,0.0,34432,8364,8,8,0,0,423.75,0.0,0,0,80,40,5,0,450.5125,0.0,20304,17994,ok,50,78,0.0667984,0.06976439999999999,0.12683311423228488,0.13656279999999998
run,10,408,128,0.3137254901960784,0.0,62.88876543799415,236960,156638,134048,580.7843137254902,383.9166666666667,184,80,13,0,264.17934782608694,0.0,63832,14023,136,16,15,0,435.3235294117647,0.0,67760,52774,88,32,6,1,554.8295454545455,0.0,29536,31625,ok,35,93,0.1413748,0.08042880000000001,0.20121130468344195,0.2218036
run,11,288,128,0.4444444444444444,0.003472222222222222,37.96403937600553,168720,135486,145573,585.8333333333334,470.4375,160,88,8,1,423.40625,0.00625,44296,18113,32,0,4,0,440.5,0.0,18088,14096,96,40,6,1,558.8020833333334,0.0,30896,33144,ok,50,78,0.11503559999999999,0.0873438,0.18562360584773635,0.2023794
run,12,296,128,0.43243243243243246,0.0033783783783783786,46.75097758101765,172288,118777,126863,582.0540540540541,401.27364864864865,152,104,6,0,297.8092105263158,0.006578947368421052,29288,6617,56,0,7,0,417.7142857142857,0.0,31592,23392,88,24,8,0,569.5227272727273,0.0,35344,37969,ok,53,75,0.10572379999999999,0.0761178,0.16644213905230126,0.1818416
run,13,344,128,0.37209302325581395,0.0,60.3963821309153,200304,147182,138142,582.2790697674419,427.8546511627907,160,104,7,0,371.2625,0.0,34232,9407,112,16,12,0,431.24107142857144,0.0,54224,41492,72,8,8,0,548.3472222222222,0.0,34072,35917,ok,49,79,0.12837,0.08288519999999999,0.1925571509149682,0.2112552
run,14,232,128,0.5517241379310345,0.008620689655172414,40.1193283200264,136048,116937,153173,586.4137931034483,504.03879310344826,112,80,4,0,471.25892857142856,0.008928571428571428,19512,5294,72,16,7,0,468.52777777777777,0.0,31624,25453,48,32,2,0,633.7916666666666,0.020833333333333332,8520,9409,ok,28,100,0.09737180000000001,0.09190380000000001,0.17509267021969388,0.18927560000000002
run,15,312,128,0.41025641025641024,0.00641025641025641,67.61288233299274,188824,141664,166216,605.2051282051282,454.05128205128204,248,96,19,0,419.3709677419355,0.008064516129032258,93376,37368,40,8,4,0,491.525,0.0,18072,15456,24,24,0,0,749.9583333333334,0.0,0,0,ok,35,93,0.1227632,0.09972959999999999,0.2046114232029635,0.2224928
run,16,456,128,0.2807017543859649,0.0021929824561403508,76.54050844605081,263416,242668,156162,577.6666666666666,532.1666666666666,168,88,10,0,499.69642857142856,0.005952380952380952,48888,24531,160,24,17,0,477.33125,0.0,76808,65928,128,16,14,0,643.328125,0.0,61080,72687,ok,26,102,0.198284,0.0936972,0.2630996547419455,0.2919812
run,17,344,128,0.37209302325581395,0.011627906976744186,58.26590637897607,198624,215523,167988,577.3953488372093,626.5203488372093,128,72,7,0,723.15625,0.03125,34320,30550,120,24,12,0,486.8833333333333,0.0,54184,46111,96,32,8,0,672.21875,0.0,35376,45618,ok,32,96,0.16903859999999998,0.1007928,0.2452096656378822,0.2698314
run,18,536,128,0.23880597014925373,0.011194029850746268,108.8090206090128,309472,315577,182262,577.3731343283582,588.7630597014926,248,96,19,0,621.3870967741935,0.024193548387096774,93720,66818,128,8,15,0,495.0703125,0.0,67808,59680,160,24,17,0,613.15,0.0,71408,83353,ok,25,103,0.2512406,0.1093572,0.32400273050593714,0.36059779999999997
run,19,456,128,0.2807017543859649,0.0043859649122807015,87.67733433400281,268528,277259,173527,588.8771929824561,608.0241228070175,240,104,17,0,635.3708333333333,0.008333333333333333,83896,71454,144,8,17,0,520.8680555555555,0.0,76720,70970,72,16,7,0,691.1805555555555,0.0,30176,39044,ok,25,103,0.220061,0.10411619999999999,0.292123672075242,0.3241772
run,20,272,128,0.47058823529411764,0.029411764705882353,54.235123037942685,161544,180056,183979,593.9117647058823,661.9705882352941,184,96,11,0,678.7934782608696,0.043478260869565216,54360,39696,24,8,2,0,522.375,0.0,9048,8602,64,24,5,0,665.953125,0.0,20944,24971,ok,29,99,0.1403424,0.1103874,0.23028788145274465,0.2507298
run,21,304,128,0.42105263157894735,0.006578947368421052,56.181964065064676,179104,221061,183536,589.1578947368421,727.1743421052631,184,96,11,0,726.9510869565217,0.010869565217391304,54144,51124,16,0,2,0,534.1875,0.0,9048,8547,104,32,9,0,757.2596153846154,0.0,38656,55110,ok,17,111,0.16845740000000003,0.11012159999999999,0.254041921757912,0.278579
run,22,360,128,0.35555555555555557,0.016666666666666666,75.5179236580152,212152,277311,191823,589.3111111111111,770.3083333333333,208,96,14,0,859.0432692307693,0.02403846153846154,69056,85517,96,24,9,0,594.3020833333334,0.010416666666666666,40648,41451,56,8,6,0,742.4464285714286,0.0,25624,35344,ok,20,108,0.208817,0.1150938,0.29349504463824033,0.3239108
run,23,560,128,0.22857142857142856,0.014285714285714285,131.88090497395024,324648,412116,193145,579.7285714285714,735.9214285714286,248,80,21,0,783.6612903225806,0.024193548387096774,104056,112888,176,24,19,0,617.0113636363636,0.005681818181818182,85936,92240,136,24,14,0,802.75,0.007352941176470588,59664,88835,ok,35,93,0.31219919999999995,0.115887,0.3826120552161123,0.4280862
run,24,472,128,0.2711864406779661,0.014830508474576272,112.44892961101141,275488,374973,187835,583.6610169491526,794.4343220338983,264,88,22,0,831.8409090909091,0.022727272727272728,108704,138655,80,16,8,0,625.875,0.0125,36144,39560,128,24,13,0,822.6328125,0.0,55248,84315,ok,22,106,0.28008140000000004,0.112701,0.35198645262129447,0.39278240000000003
run,25,584,128,0.2191780821917808,0.00684931506849315,122.8053298649611,341864,435334,191200,585.3835616438356,745.4349315068494,288,80,26,0,750.4444444444445,0.010416666666666666,127776,140589,160,0,20,0,647.5875,0.0,90320,103614,136,48,11,0,849.9411764705883,0.007352941176470588,48512,75187,ok,18,110,0.3295732,0.11472,0.3962884023781958,0.4442932
run,26,608,128,0.21052631578947367,0.014802631578947368,149.39330726198386,355424,491081,194170,584.578947368421,807.6990131578947,296,56,30,0,880.7905405405405,0.016891891891891893,148360,200657,184,32,19,0,650.9130434782609,0.016304347826086956,85832,95780,128,40,11,0,864.0546875,0.0078125,47280,74426,ok,20,108,0.3657334,0.116502,0.42896359922695665,0.4822354
run,27,592,128,0.21621621621621623,0.013513513513513514,124.38513817009516,342904,467579,198285,579.2297297297297,789.8293918918919,272,88,23,0,839.6580882352941,0.022058823529411766,113240,142012,184,0,23,0,655.9836956521739,0.0,103888,120701,136,40,11,1,871.2573529411765,0.014705882352941176,49944,82413,ok,22,106,0.34912819999999994,0.118971,0.41724607060396657,0.46809919999999994
run,28,704,128,0.18181818181818182,0.007102272727272727,162.35929152194876,412296,547563,202316,585.6477272727273,777.7883522727273,392,96,37,0,822.7704081632653,0.01020408163265306,182592,223448,176,24,19,0,647.5965909090909,0.005681818181818182,85856,94594,136,8,16,0,816.6176470588235,0.0,66776,104277,ok,18,110,0.410997,0.12138959999999999,0.4725218178873505,0.5323865999999999
run,29,888,128,0.14414414414414414,0.010135135135135136,187.2833800750086,510064,676303,203796,574.3963963963964,761.6024774774775,360,64,37,0,771.4777777777778,0.013888888888888888,182104,201286,240,16,28,0,666.5958333333333,0.0,126448,149493,288,48,30,0,828.4305555555555,0.013888888888888888,127904,195336,ok,21,107,0.5077946,0.12227759999999999,0.5561081246248025,0.6300722
run,30,592,128,0.21621621621621623,0.015202702702702704,136.83562448900193,350824,494282,205787,592.6081081081081,834.9358108108108,320,104,27,0,879.025,0.025,134184,177091,136,16,15,0,678.6029411764706,0.0,67744,78716,136,8,16,0,887.5294117647059,0.007352941176470588,70088,111496,ok,18,110,0.366734,0.12347219999999999,0.436788654365116,0.4902062
run,31,544,128,0.23529411764705882,0.01838235294117647,115.40888130804524,320200,428746,197409,588.6029411764706,788.1360294117648,304,80,28,0,814.8486842105264,0.023026315789473683,137224,166062,136,16,15,0,666.3088235294117,0.007352941176470588,67744,77624,104,32,9,0,869.3653846153846,0.019230769230769232,39384,63499,ok,21,107,0.32128759999999995,0.11844539999999999,0.3929350618897556,0.43973299999999993
run,32,896,128,0.14285714285714285,0.004464285714285714,182.97982497990597,524096,664851,196321,584.9285714285714,742.0212053571429,448,88,45,0,785.9084821428571,0.008928571428571428,222120,264569,208,8,25,0,607.6298076923077,0.0,112992,120685,240,32,26,0,776.5708333333333,0.0,112736,159524,ok,18,110,0.5037298,0.1177926,0.5481503930981284,0.6215224
run,33,1208,128,0.10596026490066225,0.0024834437086092716,236.31666755501647,701240,842386,173973,580.4966887417219,697.3394039735099,544,48,62,0,722.8474264705883,0.003676470588235294,305464,347032,344,24,40,0,596.4505813953489,0.0029069767441860465,180656,189860,320,56,33,0,762.43125,0.0,142200,204441,ok,20,108,0.6456796,0.1043838,0.6560153447378383,0.7500634
run,34,1488,128,0.08602150537634409,0.0020161290322580645,272.2322850630153,862592,997309,179366,579.6989247311828,670.2345430107526,624,80,68,0,714.838141025641,0.003205128205128205,336072,377747,512,8,63,0,573.671875,0.0,284608,289330,352,40,39,0,731.6193181818181,0.002840909090909091,167184,225594,429,,,0.7709038,0.1076196,0.7662355049136282,0.8785234000000001
run,35,1216,128,0.10526315789473684,0.004934210526315789,235.2495865880046,707568,813890,184236,581.8815789473684,669.3174342105264,528,72,57,0,732.0284090909091,0.011363636363636364,282432,313162,376,8,46,0,556.1489361702128,0.0,207880,204669,312,48,33,0,699.5737179487179,0.0,142792,186287,429,,,0.6298476,0.11054159999999999,0.6486471937610853,0.7403892
run,36,2032,128,0.06299212598425197,0.0004921259842519685,365.2607716700295,1181280,1326767,170658,581.3385826771654,652.9365157480315,1040,64,122,0,686.1711538461539,0.0,602320,657239,472,24,56,0,552.9872881355932,0.00211864406779661,252848,246465,520,40,60,0,677.1903846153846,0.0,252552,325965,429,,,1.0323162,0.10239480000000001,0.9843464367930707,1.1347109999999998
run,37,1264,128,0.10126582278481013,0.0,235.75487673503812,736776,828208,180456,582.8924050632911,655.2278481012659,624,64,70,0,710.5480769230769,0.0,345040,381806,360,8,44,0,538.2111111111111,0.0,198856,188974,280,56,28,0,682.3928571428571,0.0,118848,151004,ok,16,112,0.64428,0.1082736,0.6587094069291556,0.7525535999999999
run,38,1232,128,0.1038961038961039,0.003246753246753247,248.37063202098943,715320,844494,187818,580.6168831168832,685.4659090909091,552,104,56,0,769.3840579710145,0.007246376811594203,276824,332456,344,0,43,0,529.8430232558139,0.0,194224,182266,336,24,39,0,706.9285714285714,0.0,167600,218626,ok,19,109,0.6497603999999999,0.11269080000000001,0.6678087457450346,0.7624511999999999
